sample_index,title,line_index,char_index_in_line,char,context_line,context_around,pypinyin_default,all_candidates,selected_pinyin,selection_basis,notes
0,江南曲,0,1,得,嫁得瞿塘贾,嫁得瞿塘,de2,de2/de/dei3,,unverified,
0,江南曲,1,0,朝,朝朝误妾期,朝朝误,chao2,chao2/zhao1/zhu1,,unverified,
0,江南曲,1,1,朝,朝朝误妾期,朝朝误妾,chao2,chao2/zhao1/zhu1,,unverified,
1,宫词,0,0,长,长乐宫连上苑春,长乐宫,zhang3,zhang3/chang2,,unverified,
1,宫词,3,4,得,唯有宫莺得见人,宫莺得见人,de2,de2/de/dei3,,unverified,
1,宫词,3,5,见,唯有宫莺得见人,莺得见人,jian4,jian4/xian4,,unverified,
2,终南望余雪,3,1,中,城中增暮寒,城中增暮,zhong1,zhong1/zhong4,,unverified,
3,宫词·故国三千里,3,2,落,双泪落君前,双泪落君前,luo4,luo4/la4/lao4/luo1,,unverified,
4,无题·昨夜星辰昨夜风,5,0,分,分曹射覆蜡灯红,分曹射,fen1,fen1/fen4/fen2,,unverified,
5,杂诗三首·其三,3,0,长,长在汉家营,长在汉,zhang3,zhang3/chang2,,unverified,
5,杂诗三首·其三,4,0,少,少妇今春意,少妇今,shao3,shao3/shao4,,unverified,
5,杂诗三首·其三,6,2,将,谁能将旗鼓,谁能将旗鼓,jiang1,jiang1/jiang4/qiang1,,unverified,
5,杂诗三首·其三,7,1,为,一为取龙城,一为取龙,wei4,wei4/wei2,,unverified,
6,新年作,6,2,长,已似长沙傅,已似长沙傅,zhang3,zhang3/chang2,,unverified,
6,新年作,7,0,从,从今又几年,从今又,cong2,cong2/zong4,,unverified,
7,送梓州李使君,2,1,中,山中一夜雨,山中一夜,zhong1,zhong1/zhong4,,unverified,
7,送梓州李使君,3,3,重,树杪百重泉,杪百重泉,zhong4,zhong4/chong2/tong2,,unverified,
7,送梓州李使君,6,3,教,文翁翻教授,翁翻教授,jiao4,jiao4/jiao1,,unverified,
8,隋宫,7,2,重,岂宜重问后庭花,岂宜重问后,zhong4,zhong4/chong2/tong2,,unverified,
9,宿王昌龄隐居,1,1,处,隐处唯孤云,隐处唯孤,chu4,chu4/chu3,,unverified,
9,宿王昌龄隐居,3,3,为,清光犹为君,光犹为君,wei4,wei4/wei2,,unverified,
10,题金陵渡,1,2,行,一宿行人自可愁,一宿行人自,xing2,xing2/hang2/heng2/xing4/hang4,,unverified,
10,题金陵渡,2,1,落,潮落夜江斜月里,潮落夜江,luo4,luo4/la4/lao4/luo1,,unverified,
10,题金陵渡,2,4,斜,潮落夜江斜月里,夜江斜月里,xie2,xie2/xia2/cha2/ye2,,unverified,
11,行经华阴,7,3,处,何如此处学长生,如此处学长,chu4,chu4/chu3,,unverified,
11,行经华阴,7,5,长,何如此处学长生,处学长生,zhang3,zhang3/chang2,,unverified,
12,旅宿,2,2,思,寒灯思旧事,寒灯思旧事,si1,si1/sai1,,unverified,
12,旅宿,7,1,系,门系钓鱼船,门系钓鱼,xi4,xi4/ji4,,unverified,
13,秋夜寄邱员外 / 秋夜寄丘二十二员外,2,4,落,空山松子落,松子落,luo4,luo4/la4/lao4/luo1,,unverified,
14,早发白帝城 / 白帝下江陵,0,0,朝,朝辞白帝彩云间,朝辞白,chao2,chao2/zhao1/zhu1,,unverified,
14,早发白帝城 / 白帝下江陵,0,6,间,朝辞白帝彩云间,彩云间,jian1,jian1/jian4,,unverified,
14,早发白帝城 / 白帝下江陵,1,6,还,千里江陵一日还,一日还,hai2,hai2/huan2/fu2,,unverified,
14,早发白帝城 / 白帝下江陵,3,5,重,轻舟已过万重山,过万重山,zhong4,zhong4/chong2/tong2,,unverified,
15,落花,3,3,斜,迢递送斜晖,递送斜晖,xie2,xie2/xia2/cha2/ye2,,unverified,
15,落花,7,1,得,所得是沾衣,所得是沾,de2,de2/de/dei3,,unverified,
16,逢入京使,2,2,相,马上相逢无纸笔,马上相逢无,xiang1,xiang1/xiang4,,unverified,
17,送元二使安西 / 渭城曲,0,2,朝,渭城朝雨浥轻尘,渭城朝雨浥,chao2,chao2/zhao1/zhu1,,unverified,
17,送元二使安西 / 渭城曲,2,2,更,劝君更尽一杯酒,劝君更尽一,geng4,geng4/geng1,,unverified,
18,奉济驿重送严公四韵,0,2,从,远送从此别,远送从此别,cong2,cong2/zong4,,unverified,
18,奉济驿重送严公四韵,2,3,重,几时杯重把,时杯重把,zhong4,zhong4/chong2/tong2,,unverified,
18,奉济驿重送严公四韵,3,4,行,昨夜月同行,月同行,xing2,xing2/hang2/heng2/xing4/hang4,,unverified,
18,奉济驿重送严公四韵,5,1,朝,三朝出入荣,三朝出入,chao2,chao2/zhao1/zhu1,,unverified,
18,奉济驿重送严公四韵,6,4,处,江村独归处,独归处,chu4,chu4/chu3,,unverified,
19,金陵酒肆留别,2,5,相,金陵子弟来相送,弟来相送,xiang1,xiang1/xiang4,,unverified,
19,金陵酒肆留别,3,1,行,欲行不行各尽觞,欲行不行,xing2,xing2/hang2/heng2/xing4/hang4,,unverified,
19,金陵酒肆留别,3,3,行,欲行不行各尽觞,行不行各尽,xing2,xing2/hang2/heng2/xing4/hang4,,unverified,
19,金陵酒肆留别,5,6,长,别意与之谁短长,谁短长,zhang3,zhang3/chang2,,unverified,
20,游子吟,0,3,中,慈母手中线,母手中线,zhong1,zhong1/zhong4,,unverified,
20,游子吟,2,1,行,临行密密缝,临行密密,xing2,xing2/hang2/heng2/xing4/hang4,,unverified,
20,游子吟,5,1,得,报得三春晖,报得三春,de2,de2/de/dei3,,unverified,
21,清平调·其一,2,6,见,若非群玉山头见,山头见,jian4,jian4/xian4,,unverified,
22,锦瑟,1,4,思,一弦一柱思华年,一柱思华年,si1,si1/sai1,,unverified,
22,锦瑟,7,2,当,只是当时已惘然,只是当时已,dang1,dang1/dang4,,unverified,
23,无题·相见时难别亦难,0,0,相,相见时难别亦难,相见时,xiang1,xiang1/xiang4,,unverified,
23,无题·相见时难别亦难,0,1,见,相见时难别亦难,相见时难,jian4,jian4/xian4,,unverified,
23,无题·相见时难别亦难,5,3,觉,夜吟应觉月光寒,吟应觉月光,jue2,jue2/jiao4,,unverified,
23,无题·相见时难别亦难,7,4,为,青鸟殷勤为探看,殷勤为探看,wei4,wei4/wei2,,unverified,
23,无题·相见时难别亦难,7,6,看,青鸟殷勤为探看,为探看,kan4,kan4/kan1,,unverified,
24,古意,0,3,长,男儿事长征,儿事长征,zhang3,zhang3/chang2,,unverified,
24,古意,1,0,少,少小幽燕客,少小幽,shao3,shao3/shao4,,unverified,
24,古意,7,1,得,未得报恩不得归,未得报恩,de2,de2/de/dei3,,unverified,
24,古意,7,5,得,未得报恩不得归,恩不得归,de2,de2/de/dei3,,unverified,
24,古意,10,1,为,今为羌笛出塞声,今为羌笛,wei4,wei4/wei2,,unverified,
25,西塞山怀古,0,0,王,王濬楼船下益州,王濬楼,wang2,wang2/wang4/yu4,,unverified,
25,西塞山怀古,1,2,王,金陵王气黯然收,金陵王气黯,wang2,wang2/wang4/yu4,,unverified,
25,西塞山怀古,6,4,为,今逢四海为家日,四海为家日,wei4,wei4/wei2,,unverified,
26,听蜀僧濬弹琴 / 听蜀僧浚弹琴,2,0,为,为我一挥手,为我一,wei4,wei4/wei2,,unverified,
26,听蜀僧濬弹琴 / 听蜀僧浚弹琴,6,1,觉,不觉碧山暮,不觉碧山,jue2,jue2/jiao4,,unverified,
26,听蜀僧濬弹琴 / 听蜀僧浚弹琴,7,4,重,秋云暗几重,暗几重,zhong4,zhong4/chong2/tong2,,unverified,
27,筹笔驿,1,3,为,风云常为护储胥,云常为护储,wei4,wei4/wei2,,unverified,
27,筹笔驿,2,1,令,徒令上将挥神笔,徒令上将,ling4,ling4/ling2/ling3/lian2,,unverified,
27,筹笔驿,2,3,将,徒令上将挥神笔,令上将挥神,jiang1,jiang1/jiang4/qiang1,,unverified,
27,筹笔驿,3,1,见,终见降王走传车,终见降王,jian4,jian4/xian4,,unverified,
27,筹笔驿,3,3,王,终见降王走传车,见降王走传,wang2,wang2/wang4/yu4,,unverified,
28,咏怀古迹五首·其三,1,1,长,生长明妃尚有村,生长明妃,zhang3,zhang3/chang2,,unverified,
28,咏怀古迹五首·其三,7,0,分,分明怨恨曲中论,分明怨,fen1,fen1/fen4/fen2,,unverified,
28,咏怀古迹五首·其三,7,5,中,分明怨恨曲中论,恨曲中论,zhong1,zhong1/zhong4,,unverified,
29,月夜,1,1,中,闺中只独看,闺中只独,zhong1,zhong1/zhong4,,unverified,
29,月夜,1,4,看,闺中只独看,只独看,kan4,kan4/kan1,,unverified,
29,月夜,3,3,长,未解忆长安,解忆长安,zhang3,zhang3/chang2,,unverified,
30,送灵澈上人,2,3,斜,荷笠带斜阳,笠带斜阳,xie2,xie2/xia2/cha2/ye2,,unverified,
31,早寒江上有怀 / 早寒有怀,0,1,落,木落雁南度,木落雁南,luo4,luo4/la4/lao4/luo1,,unverified,
31,早寒江上有怀 / 早寒有怀,0,4,度,木落雁南度,雁南度,du4,du4/duo2/zhai2,,unverified,
31,早寒江上有怀 / 早寒有怀,4,3,中,乡泪客中尽,泪客中尽,zhong1,zhong1/zhong4,,unverified,
31,早寒江上有怀 / 早寒有怀,5,4,看,孤帆天际看,天际看,kan4,kan4/kan1,,unverified,
33,寄扬州韩绰判官,3,3,处,玉人何处教吹箫,人何处教吹,chu4,chu4/chu3,,unverified,
33,寄扬州韩绰判官,3,4,教,玉人何处教吹箫,何处教吹箫,jiao4,jiao4/jiao1,,unverified,
34,瑶瑟怨,3,3,中,十二楼中月自明,二楼中月自,zhong1,zhong1/zhong4,,unverified,
35,清平调·名花倾国两相欢,0,5,相,名花倾国两相欢,国两相欢,xiang1,xiang1/xiang4,,unverified,
35,清平调·名花倾国两相欢,1,0,长,长得君王带笑看,长得君,zhang3,zhang3/chang2,,unverified,
35,清平调·名花倾国两相欢,1,1,得,长得君王带笑看,长得君王,de2,de2/de/dei3,,unverified,
35,清平调·名花倾国两相欢,1,3,王,长得君王带笑看,得君王带笑,wang2,wang2/wang4/yu4,,unverified,
35,清平调·名花倾国两相欢,1,6,看,长得君王带笑看,带笑看,kan4,kan4/kan1,,unverified,
36,楚江怀古三首·其一,6,1,中,云中君不见,云中君不,zhong1,zhong1/zhong4,,unverified,
36,楚江怀古三首·其一,6,4,见,云中君不见,君不见,jian4,jian4/xian4,,unverified,
37,宿桐庐江寄广陵旧游,6,0,还,还将两行泪,还将两,hai2,hai2/huan2/fu2,,unverified,
37,宿桐庐江寄广陵旧游,6,1,将,还将两行泪,还将两行,jiang1,jiang1/jiang4/qiang1,,unverified,
37,宿桐庐江寄广陵旧游,6,3,行,还将两行泪,将两行泪,xing2,xing2/hang2/heng2/xing4/hang4,,unverified,
38,秋日登吴公台上寺远眺,0,3,落,古台摇落后,台摇落后,luo4,luo4/la4/lao4/luo1,,unverified,
38,秋日登吴公台上寺远眺,2,4,少,野寺来人少,来人少,shao3,shao3/shao4,,unverified,
38,秋日登吴公台上寺远眺,6,3,朝,惆怅南朝事,怅南朝事,chao2,chao2/zhao1/zhu1,,unverified,
38,秋日登吴公台上寺远眺,7,0,长,长江独至今,长江独,zhang3,zhang3/chang2,,unverified,
39,客至,1,1,见,但见群鸥日日来,但见群鸥,jian4,jian4/xian4,,unverified,
39,客至,3,4,为,蓬门今始为君开,今始为君开,wei4,wei4/wei2,,unverified,
39,客至,6,4,相,肯与邻翁相对饮,邻翁相对饮,xiang1,xiang1/xiang4,,unverified,
41,月下独酌四首·其一,0,1,间,花间一壶酒,花间一壶,jian1,jian1/jian4,,unverified,
41,月下独酌四首·其一,1,3,相,独酌无相亲,酌无相亲,xiang1,xiang1/xiang4,,unverified,
41,月下独酌四首·其一,6,3,将,暂伴月将影,伴月将影,jiang1,jiang1/jiang4/qiang1,,unverified,
41,月下独酌四首·其一,7,0,行,行乐须及春,行乐须,xing2,xing2/hang2/heng2/xing4/hang4,,unverified,
41,月下独酌四首·其一,11,3,分,醉后各分散,后各分散,fen1,fen1/fen4/fen2,,unverified,
41,月下独酌四首·其一,13,0,相,相期邈云汉,相期邈,xiang1,xiang1/xiang4,,unverified,
43,寻南溪常山道人隐居 / 寻南溪常道士,0,3,行,一路经行处,路经行处,xing2,xing2/hang2/heng2/xing4/hang4,,unverified,
43,寻南溪常山道人隐居 / 寻南溪常道士,0,4,处,一路经行处,经行处,chu4,chu4/chu3,,unverified,
43,寻南溪常山道人隐居 / 寻南溪常道士,1,2,见,莓苔见履痕,莓苔见履痕,jian4,jian4/xian4,,unverified,
43,寻南溪常山道人隐居 / 寻南溪常道士,4,2,看,过雨看松色,过雨看松色,kan4,kan4/kan1,,unverified,
43,寻南溪常山道人隐居 / 寻南溪常道士,7,0,相,相对亦忘言,相对亦,xiang1,xiang1/xiang4,,unverified,
44,咏怀古迹五首·其二,0,1,落,摇落深知宋玉悲,摇落深知,luo4,luo4/la4/lao4/luo1,,unverified,
44,咏怀古迹五首·其二,5,6,思,云雨荒台岂梦思,岂梦思,si1,si1/sai1,,unverified,
46,凉州词二首·其一,0,6,间,黄河远上白云间,白云间,jian1,jian1/jian4,,unverified,
46,凉州词二首·其一,3,3,度,春风不度玉门关,风不度玉门,du4,du4/duo2/zhai2,,unverified,
47,渔翁,2,5,见,烟销日出不见人,出不见人,jian4,jian4/xian4,,unverified,
47,渔翁,4,1,看,回看天际下中流,回看天际,kan4,kan4/kan1,,unverified,
47,渔翁,4,5,中,回看天际下中流,际下中流,zhong1,zhong1/zhong4,,unverified,
47,渔翁,5,5,相,岩上无心云相逐,心云相逐,xiang1,xiang1/xiang4,,unverified,
48,利州南渡,0,5,斜,澹然空水带斜晖,水带斜晖,xie2,xie2/xia2/cha2/ye2,,unverified,
48,利州南渡,2,4,看,波上马嘶看棹去,马嘶看棹去,kan4,kan4/kan1,,unverified,
49,赤壁,1,1,将,自将磨洗认前朝,自将磨洗,jiang1,jiang1/jiang4/qiang1,,unverified,
49,赤壁,1,6,朝,自将磨洗认前朝,认前朝,chao2,chao2/zhao1/zhu1,,unverified,
50,金陵图,2,1,看,君看六幅南朝事,君看六幅,kan4,kan4/kan1,,unverified,
50,金陵图,2,5,朝,君看六幅南朝事,幅南朝事,chao2,chao2/zhao1/zhu1,,unverified,
51,过香积寺,3,3,处,深山何处钟,山何处钟,chu4,chu4/chu3,,unverified,
52,登幽州台歌,0,2,见,前不见古人,前不见古人,jian4,jian4/xian4,,unverified,
52,登幽州台歌,1,2,见,后不见来者,后不见来者,jian4,jian4/xian4,,unverified,
53,赋得暮雨送李胄 / 赋得暮雨送李曹,2,4,重,漠漠帆来重,帆来重,zhong4,zhong4/chong2/tong2,,unverified,
53,赋得暮雨送李胄 / 赋得暮雨送李曹,4,4,见,海门深不见,深不见,jian4,jian4/xian4,,unverified,
53,赋得暮雨送李胄 / 赋得暮雨送李曹,6,0,相,相送情无限,相送情,xiang1,xiang1/xiang4,,unverified,
54,寻隐者不遇 / 孙革访羊尊师诗,2,4,中,只在此山中,此山中,zhong1,zhong1/zhong4,,unverified,
54,寻隐者不遇 / 孙革访羊尊师诗,3,4,处,云深不知处,不知处,chu4,chu4/chu3,,unverified,
55,寄令狐郎中,3,5,相,茂陵秋雨病相如,雨病相如,xiang1,xiang1/xiang4,,unverified,
56,遣怀,0,0,落,落魄江湖载酒行,落魄江,luo4,luo4/la4/lao4/luo1,,unverified,
56,遣怀,0,6,行,落魄江湖载酒行,载酒行,xing2,xing2/hang2/heng2/xing4/hang4,,unverified,
56,遣怀,1,5,中,楚腰纤细掌中轻,细掌中轻,zhong1,zhong1/zhong4,,unverified,
56,遣怀,2,3,觉,十年一觉扬州梦,年一觉扬州,jue2,jue2/jiao4,,unverified,
56,遣怀,3,1,得,赢得青楼薄幸名,赢得青楼,de2,de2/de/dei3,,unverified,
58,淮上喜会梁川故人 / 淮上喜会梁州故人,0,3,为,江汉曾为客,汉曾为客,wei4,wei4/wei2,,unverified,
58,淮上喜会梁川故人 / 淮上喜会梁州故人,1,0,相,相逢每醉还,相逢每,xiang1,xiang1/xiang4,,unverified,
58,淮上喜会梁川故人 / 淮上喜会梁州故人,1,4,还,相逢每醉还,每醉还,hai2,hai2/huan2/fu2,,unverified,
58,淮上喜会梁川故人 / 淮上喜会梁州故人,3,4,间,流水十年间,十年间,jian1,jian1/jian4,,unverified,
59,贫女,2,6,调,谁爱风流高格调,高格调,diao4,diao4/tiao2,,unverified,
59,贫女,4,1,将,敢将十指夸针巧,敢将十指,jiang1,jiang1/jiang4/qiang1,,unverified,
59,贫女,5,6,长,不把双眉斗画长,斗画长,zhang3,zhang3/chang2,,unverified,
59,贫女,7,0,为,为他人作嫁衣裳,为他人,wei4,wei4/wei2,,unverified,
60,山居秋暝,2,3,间,明月松间照,月松间照,jian1,jian1/jian4,,unverified,
60,山居秋暝,7,0,王,王孙自可留,王孙自,wang2,wang2/wang4/yu4,,unverified,
61,杂诗,2,6,得,等是有家归未得,归未得,de2,de2/de/dei3,,unverified,
62,行宫,0,1,落,寥落古行宫,寥落古行,luo4,luo4/la4/lao4/luo1,,unverified,
62,行宫,0,3,行,寥落古行宫,落古行宫,xing2,xing2/hang2/heng2/xing4/hang4,,unverified,
63,金谷园,3,0,落,落花犹似坠楼人,落花犹,luo4,luo4/la4/lao4/luo1,,unverified,
64,秋夜曲,1,5,更,轻罗已薄未更衣,薄未更衣,geng4,geng4/geng1,,unverified,
65,竹里馆,1,3,长,弹琴复长啸,琴复长啸,zhang3,zhang3/chang2,,unverified,
65,竹里馆,3,3,相,明月来相照,月来相照,xiang1,xiang1/xiang4,,unverified,
66,和乐天春词,2,0,行,行到中庭数花朵,行到中,xing2,xing2/hang2/heng2/xing4/hang4,,unverified,
66,和乐天春词,2,2,中,行到中庭数花朵,行到中庭数,zhong1,zhong1/zhong4,,unverified,
67,过故人庄,3,4,斜,青山郭外斜,郭外斜,xie2,xie2/xia2/cha2/ye2,,unverified,
67,过故人庄,6,2,重,待到重阳日,待到重阳日,zhong4,zhong4/chong2/tong2,,unverified,
67,过故人庄,7,0,还,还来就菊花,还来就,hai2,hai2/huan2/fu2,,unverified,
68,清平调·其二,2,5,得,借问汉宫谁得似,宫谁得似,de2,de2/de/dei3,,unverified,
69,渡汉江,2,3,更,近乡情更怯,乡情更怯,geng4,geng4/geng1,,unverified,
70,长干行·家临九江水,2,2,长,同是长干人,同是长干人,zhang3,zhang3/chang2,,unverified,
70,长干行·家临九江水,3,3,相,生小不相识,小不相识,xiang1,xiang1/xiang4,,unverified,
71,江南逢李龟年,0,1,王,岐王宅里寻常见,岐王宅里,wang2,wang2/wang4/yu4,,unverified,
71,江南逢李龟年,0,6,见,岐王宅里寻常见,寻常见,jian4,jian4/xian4,,unverified,
71,江南逢李龟年,1,5,度,崔九堂前几度闻,前几度闻,du4,du4/duo2/zhai2,,unverified,
71,江南逢李龟年,3,0,落,落花时节又逢君,落花时,luo4,luo4/la4/lao4/luo1,,unverified,
72,闻官军收河南河北,2,1,看,却看妻子愁何在,却看妻子,kan4,kan4/kan1,,unverified,
72,闻官军收河南河北,5,5,还,青春作伴好还乡,伴好还乡,hai2,hai2/huan2/fu2,,unverified,
72,闻官军收河南河北,6,1,从,即从巴峡穿巫峡,即从巴峡,cong2,cong2/zong4,,unverified,
73,苏武庙,6,3,见,茂陵不见封侯印,陵不见封侯,jian4,jian4/xian4,,unverified,
74,书边事,0,0,调,调角断清秋,调角断,diao4,diao4/tiao2,,unverified,
74,书边事,3,2,落,白日落梁州,白日落梁州,luo4,luo4/la4/lao4/luo1,,unverified,
74,书边事,7,0,长,长愿向南流,长愿向,zhang3,zhang3/chang2,,unverified,
75,和晋陵陆丞早春游望,6,4,调,忽闻歌古调,歌古调,diao4,diao4/tiao2,,unverified,
75,和晋陵陆丞早春游望,7,1,思,归思欲沾巾,归思欲沾,si1,si1/sai1,,unverified,
76,贼平后送人北归,1,4,还,时清独北还,独北还,hai2,hai2/huan2/fu2,,unverified,
76,贼平后送人北归,3,2,见,旧国见青山,旧国见青山,jian4,jian4/xian4,,unverified,
76,贼平后送人北归,6,3,衰,寒禽与衰草,禽与衰草,shuai1,shuai1/suo1/cui1,,unverified,
76,贼平后送人北归,7,0,处,处处伴愁颜,处处伴,chu4,chu4/chu3,,unverified,
76,贼平后送人北归,7,1,处,处处伴愁颜,处处伴愁,chu4,chu4/chu3,,unverified,
77,夜归鹿门山歌 / 夜归鹿门歌,5,6,处,忽到庞公栖隐处,栖隐处,chu4,chu4/chu3,,unverified,
77,夜归鹿门山歌 / 夜归鹿门歌,6,4,长,岩扉松径长寂寥,松径长寂寥,zhang3,zhang3/chang2,,unverified,
78,送杜少府之任蜀州 / 送杜少府之任蜀川,6,1,为,无为在歧路,无为在歧,wei4,wei4/wei2,,unverified,
79,送人东游,0,2,落,荒戍落黄叶,荒戍落黄叶,luo4,luo4/la4/lao4/luo1,,unverified,
79,送人东游,5,4,还,天涯孤棹还,孤棹还,hai2,hai2/huan2/fu2,,unverified,
79,送人东游,6,1,当,何当重相见,何当重相,dang1,dang1/dang4,,unverified,
79,送人东游,6,2,重,何当重相见,何当重相见,zhong4,zhong4/chong2/tong2,,unverified,
79,送人东游,6,3,相,何当重相见,当重相见,xiang1,xiang1/xiang4,,unverified,
79,送人东游,6,4,见,何当重相见,重相见,jian4,jian4/xian4,,unverified,
81,烈女操,0,2,相,梧桐相待老,梧桐相待老,xiang1,xiang1/xiang4,,unverified,
82,与诸子登岘山,4,1,落,水落鱼梁浅,水落鱼梁,luo4,luo4/la4/lao4/luo1,,unverified,
84,留别王侍御维 / 留别王维,1,0,朝,朝朝空自归,朝朝空,chao2,chao2/zhao1/zhu1,,unverified,
84,留别王侍御维 / 留别王维,1,1,朝,朝朝空自归,朝朝空自,chao2,chao2/zhao1/zhu1,,unverified,
84,留别王侍御维 / 留别王维,4,0,当,当路谁相假,当路谁,dang1,dang1/dang4,,unverified,
84,留别王侍御维 / 留别王维,4,3,相,当路谁相假,路谁相假,xiang1,xiang1/xiang4,,unverified,
84,留别王侍御维 / 留别王维,7,0,还,还掩故园扉,还掩故,hai2,hai2/huan2/fu2,,unverified,
85,同题仙游观,0,3,见,仙台初见五城楼,台初见五城,jian4,jian4/xian4,,unverified,
85,同题仙游观,4,3,落,疏松影落空坛静,松影落空坛,luo4,luo4/la4/lao4/luo1,,unverified,
85,同题仙游观,7,1,间,人间亦自有丹丘,人间亦自,jian1,jian1/jian4,,unverified,
86,蜀相,0,1,相,丞相祠堂何处寻,丞相祠堂,xiang1,xiang1/xiang4,,unverified,
86,蜀相,0,5,处,丞相祠堂何处寻,堂何处寻,chu4,chu4/chu3,,unverified,
86,蜀相,5,1,朝,两朝开济老臣心,两朝开济,chao2,chao2/zhao1/zhu1,,unverified,
86,蜀相,7,0,长,长使英雄泪满襟,长使英,zhang3,zhang3/chang2,,unverified,
87,送别 / 山中送别,0,1,中,山中相送罢,山中相送,zhong1,zhong1/zhong4,,unverified,
87,送别 / 山中送别,0,2,相,山中相送罢,山中相送罢,xiang1,xiang1/xiang4,,unverified,
87,送别 / 山中送别,3,0,王,王孙归不归,王孙归,wang2,wang2/wang4/yu4,,unverified,
89,咏怀古迹五首·其四,3,6,中,玉殿虚无野寺中,野寺中,zhong1,zhong1/zhong4,,unverified,
90,没蕃故人,3,2,长,死生长别离,死生长别离,zhang3,zhang3/chang2,,unverified,
91,送魏万之京,0,0,朝,朝闻游子唱离歌,朝闻游,chao2,chao2/zhao1/zhu1,,unverified,
91,送魏万之京,3,5,中,云山况是客中过,是客中过,zhong1,zhong1/zhong4,,unverified,
91,送魏万之京,6,1,见,莫见长安行乐处,莫见长安,jian4,jian4/xian4,,unverified,
91,送魏万之京,6,2,长,莫见长安行乐处,莫见长安行,zhang3,zhang3/chang2,,unverified,
91,送魏万之京,6,4,行,莫见长安行乐处,长安行乐处,xing2,xing2/hang2/heng2/xing4/hang4,,unverified,
91,送魏万之京,6,6,处,莫见长安行乐处,行乐处,chu4,chu4/chu3,,unverified,
91,送魏万之京,7,1,令,空令岁月易蹉跎,空令岁月,ling4,ling4/ling2/ling3/lian2,,unverified,
92,怨情,2,1,见,但见泪痕湿,但见泪痕,jian4,jian4/xian4,,unverified,
93,琴歌,9,4,从,敢告云山从此始,云山从此始,cong2,cong2/zong4,,unverified,
94,枫桥夜泊,0,1,落,月落乌啼霜满天,月落乌啼,luo4,luo4/la4/lao4/luo1,,unverified,
95,赠孟浩然,4,3,中,醉月频中圣,月频中圣,zhong1,zhong1/zhong4,,unverified,
96,咏怀古迹五首·其五,2,1,分,三分割据纡筹策,三分割据,fen1,fen1/fen4/fen2,,unverified,
96,咏怀古迹五首·其五,4,3,间,伯仲之间见伊吕,仲之间见伊,jian1,jian1/jian4,,unverified,
96,咏怀古迹五首·其五,4,4,见,伯仲之间见伊吕,之间见伊吕,jian4,jian4/xian4,,unverified,
97,次北固山下,1,0,行,行舟绿水前,行舟绿,xing2,xing2/hang2/heng2/xing4/hang4,,unverified,
97,次北固山下,6,3,处,乡书何处达,书何处达,chu4,chu4/chu3,,unverified,
98,春思,2,0,当,当君怀归日,当君怀,dang1,dang1/dang4,,unverified,
98,春思,4,3,相,春风不相识,风不相识,xiang1,xiang1/xiang4,,unverified,
99,后宫词,3,0,斜,斜倚薰笼坐到明,斜倚薰,xie2,xie2/xia2/cha2/ye2,,unverified,
100,桃花溪,3,5,处,洞在清溪何处边,溪何处边,chu4,chu4/chu3,,unverified,
101,喜外弟卢纶见宿,2,1,中,雨中黄叶树,雨中黄叶,zhong1,zhong1/zhong4,,unverified,
101,喜外弟卢纶见宿,5,2,相,愧君相见频,愧君相见频,xiang1,xiang1/xiang4,,unverified,
101,喜外弟卢纶见宿,5,3,见,愧君相见频,君相见频,jian4,jian4/xian4,,unverified,
101,喜外弟卢纶见宿,6,4,分,平生自有分,自有分,fen1,fen1/fen4/fen2,,unverified,
102,望月怀远 / 望月怀古,3,3,相,竟夕起相思,夕起相思,xiang1,xiang1/xiang4,,unverified,
102,望月怀远 / 望月怀古,3,4,思,竟夕起相思,起相思,si1,si1/sai1,,unverified,
102,望月怀远 / 望月怀古,5,2,觉,披衣觉露滋,披衣觉露滋,jue2,jue2/jiao4,,unverified,
102,望月怀远 / 望月怀古,7,0,还,还寝梦佳期,还寝梦,hai2,hai2/huan2/fu2,,unverified,
104,辋川闲居赠裴秀才迪,4,3,落,渡头馀落日,头馀落日,luo4,luo4/la4/lao4/luo1,,unverified,
105,寻陆鸿渐不遇,6,3,中,报道山中去,道山中去,zhong1,zhong1/zhong4,,unverified,
105,寻陆鸿渐不遇,7,4,斜,归时每日斜,每日斜,xie2,xie2/xia2/cha2/ye2,,unverified,
106,宫词,0,3,中,十二楼中尽晓妆,二楼中尽晓,zhong1,zhong1/zhong4,,unverified,
106,宫词,1,6,王,望仙楼上望君王,望君王,wang2,wang2/wang4/yu4,,unverified,
106,宫词,3,6,长,水滴铜龙昼漏长,昼漏长,zhang3,zhang3/chang2,,unverified,
106,宫词,4,4,还,云髻罢梳还对镜,罢梳还对镜,hai2,hai2/huan2/fu2,,unverified,
106,宫词,5,4,更,罗衣欲换更添香,欲换更添香,geng4,geng4/geng1,,unverified,
106,宫词,6,6,处,遥窥正殿帘开处,帘开处,chu4,chu4/chu3,,unverified,
107,听弹琴,2,1,调,古调虽自爱,古调虽自,diao4,diao4/tiao2,,unverified,
108,寄左省杜拾遗,1,0,分,分曹限紫微,分曹限,fen1,fen1/fen4/fen2,,unverified,
108,寄左省杜拾遗,4,4,落,白发悲花落,悲花落,luo4,luo4/la4/lao4/luo1,,unverified,
108,寄左省杜拾遗,6,1,朝,圣朝无阙事,圣朝无阙,chao2,chao2/zhao1/zhu1,,unverified,
108,寄左省杜拾遗,7,1,觉,自觉谏书稀,自觉谏书,jue2,jue2/jiao4,,unverified,
109,送方外上人 / 送上人,0,2,将,孤云将野鹤,孤云将野鹤,jiang1,jiang1/jiang4/qiang1,,unverified,
109,送方外上人 / 送上人,1,3,间,岂向人间住,向人间住,jian1,jian1/jian4,,unverified,
109,送方外上人 / 送上人,3,4,处,时人已知处,已知处,chu4,chu4/chu3,,unverified,
110,行路难·其一,5,0,将,将登太行雪满山,将登太,jiang1,jiang1/jiang4/qiang1,,unverified,
110,行路难·其一,5,3,行,将登太行雪满山,登太行雪满,xing2,xing2/hang2/heng2/xing4/hang4,,unverified,
110,行路难·其一,8,0,行,行路难,行路难,xing2,xing2/hang2/heng2/xing4/hang4,,unverified,
110,行路难·其一,9,0,行,行路难,行路难,xing2,xing2/hang2/heng2/xing4/hang4,,unverified,
110,行路难·其一,12,0,长,长风破浪会有时,长风破,zhang3,zhang3/chang2,,unverified,
111,登金陵凤凰台,4,3,落,三山半落青天外,山半落青天,luo4,luo4/la4/lao4/luo1,,unverified,
111,登金陵凤凰台,5,2,中,二水中分白鹭洲,二水中分白,zhong1,zhong1/zhong4,,unverified,
111,登金陵凤凰台,5,3,分,二水中分白鹭洲,水中分白鹭,fen1,fen1/fen4/fen2,,unverified,
111,登金陵凤凰台,6,1,为,总为浮云能蔽日,总为浮云,wei4,wei4/wei2,,unverified,
111,登金陵凤凰台,7,0,长,长安不见使人愁,长安不,zhang3,zhang3/chang2,,unverified,
111,登金陵凤凰台,7,3,见,长安不见使人愁,安不见使人,jian4,jian4/xian4,,unverified,
113,阙题,1,4,长,春与青溪长,青溪长,zhang3,zhang3/chang2,,unverified,
113,阙题,2,2,落,时有落花至,时有落花至,luo4,luo4/la4/lao4/luo1,,unverified,
114,春望,6,3,更,白头搔更短,头搔更短,geng4,geng4/geng1,,unverified,
115,春怨,0,3,落,纱窗日落渐黄昏,窗日落渐黄,luo4,luo4/la4/lao4/luo1,,unverified,
115,春怨,1,4,见,金屋无人见泪痕,无人见泪痕,jian4,jian4/xian4,,unverified,
116,乌衣巷,1,6,斜,乌衣巷口夕阳斜,夕阳斜,xie2,xie2/xia2/cha2/ye2,,unverified,
116,乌衣巷,2,2,王,旧时王谢堂前燕,旧时王谢堂,wang2,wang2/wang4/yu4,,unverified,
117,遣悲怀三首·其二,1,1,朝,今朝都到眼前来,今朝都到,chao2,chao2/zhao1/zhu1,,unverified,
117,遣悲怀三首·其二,2,4,行,衣裳已施行看尽,已施行看尽,xing2,xing2/hang2/heng2/xing4/hang4,,unverified,
117,遣悲怀三首·其二,2,5,看,衣裳已施行看尽,施行看尽,kan4,kan4/kan1,,unverified,
119,九日登望仙台呈刘明府容,4,2,令,关门令尹谁能识,关门令尹谁,ling4,ling4/ling2/ling3/lian2,,unverified,
122,北青萝,2,0,落,落叶人何在,落叶人,luo4,luo4/la4/lao4/luo1,,unverified,
123,征人怨 / 征怨,1,0,朝,朝朝马策与刀环,朝朝马,chao2,chao2/zhao1/zhu1,,unverified,
123,征人怨 / 征怨,1,1,朝,朝朝马策与刀环,朝朝马策,chao2,chao2/zhao1/zhu1,,unverified,
124,和张仆射塞下曲·其二,1,0,将,将军夜引弓,将军夜,jiang1,jiang1/jiang4/qiang1,,unverified,
124,和张仆射塞下曲·其二,3,4,中,没在石棱中,石棱中,zhong1,zhong1/zhong4,,unverified,
126,奉和圣制从蓬莱向兴庆阁道中留春雨中春望之作应制,1,6,斜,黄山旧绕汉宫斜,汉宫斜,xie2,xie2/xia2/cha2/ye2,,unverified,
126,奉和圣制从蓬莱向兴庆阁道中留春雨中春望之作应制,3,3,看,阁道回看上苑花,道回看上苑,kan4,kan4/kan1,,unverified,
126,奉和圣制从蓬莱向兴庆阁道中留春雨中春望之作应制,5,1,中,雨中春树万人家,雨中春树,zhong1,zhong1/zhong4,,unverified,
126,奉和圣制从蓬莱向兴庆阁道中留春雨中春望之作应制,6,0,为,为乘阳气行时令,为乘阳,wei4,wei4/wei2,,unverified,
126,奉和圣制从蓬莱向兴庆阁道中留春雨中春望之作应制,6,4,行,为乘阳气行时令,阳气行时令,xing2,xing2/hang2/heng2/xing4/hang4,,unverified,
126,奉和圣制从蓬莱向兴庆阁道中留春雨中春望之作应制,6,6,令,为乘阳气行时令,行时令,ling4,ling4/ling2/ling3/lian2,,unverified,
127,喜见外弟又言别,1,0,长,长大一相逢,长大一,zhang3,zhang3/chang2,,unverified,
127,喜见外弟又言别,1,3,相,长大一相逢,大一相逢,xiang1,xiang1/xiang4,,unverified,
127,喜见外弟又言别,2,4,见,问姓惊初见,惊初见,jian4,jian4/xian4,,unverified,
127,喜见外弟又言别,7,4,重,秋山又几重,又几重,zhong4,zhong4/chong2/tong2,,unverified,
128,寄李儋元锡,4,4,思,身多疾病思田里,疾病思田里,si1,si1/sai1,,unverified,
128,寄李儋元锡,6,4,相,闻道欲来相问讯,欲来相问讯,xiang1,xiang1/xiang4,,unverified,
129,春泛若耶溪,2,3,行,晚风吹行舟,风吹行舟,xing2,xing2/hang2/heng2/xing4/hang4,,unverified,
129,春泛若耶溪,9,1,为,愿为持竿叟,愿为持竿,wei4,wei4/wei2,,unverified,
130,初发扬子寄元大校书,4,1,朝,今朝此为别,今朝此为,chao2,chao2/zhao1/zhu1,,unverified,
130,初发扬子寄元大校书,4,3,为,今朝此为别,朝此为别,wei4,wei4/wei2,,unverified,
130,初发扬子寄元大校书,5,1,处,何处还相遇,何处还相,chu4,chu4/chu3,,unverified,
130,初发扬子寄元大校书,5,2,还,何处还相遇,何处还相遇,hai2,hai2/huan2/fu2,,unverified,
130,初发扬子寄元大校书,5,3,相,何处还相遇,处还相遇,xiang1,xiang1/xiang4,,unverified,
130,初发扬子寄元大校书,7,3,得,沿洄安得住,洄安得住,de2,de2/de/dei3,,unverified,
131,和张仆射塞下曲·其三,2,1,将,欲将轻骑逐,欲将轻骑,jiang1,jiang1/jiang4/qiang1,,unverified,
132,春雨,1,3,落,白门寥落意多违,门寥落意多,luo4,luo4/la4/lao4/luo1,,unverified,
132,春雨,2,4,相,红楼隔雨相望冷,隔雨相望冷,xiang1,xiang1/xiang4,,unverified,
132,春雨,5,3,得,残宵犹得梦依稀,宵犹得梦依,de2,de2/de/dei3,,unverified,
133,八阵图,0,3,分,功盖三分国,盖三分国,fen1,fen1/fen4/fen2,,unverified,
137,宿府,3,0,中,中天月色好谁看,中天月,zhong1,zhong1/zhong4,,unverified,
137,宿府,3,6,看,中天月色好谁看,好谁看,kan4,kan4/kan1,,unverified,
137,宿府,5,4,行,关塞萧条行路难,萧条行路难,xing2,xing2/hang2/heng2/xing4/hang4,,unverified,
138,归嵩山作,0,3,长,清川带长薄,川带长薄,zhang3,zhang3/chang2,,unverified,
138,归嵩山作,3,2,相,暮禽相与还,暮禽相与还,xiang1,xiang1/xiang4,,unverified,
138,归嵩山作,3,4,还,暮禽相与还,相与还,hai2,hai2/huan2/fu2,,unverified,
138,归嵩山作,5,0,落,落日满秋山,落日满,luo4,luo4/la4/lao4/luo1,,unverified,
139,塞下曲,3,2,见,黯黯见临洮,黯黯见临洮,jian4,jian4/xian4,,unverified,
139,塞下曲,4,2,长,昔日长城战,昔日长城战,zhang3,zhang3/chang2,,unverified,
140,孤雁二首·其二,0,1,行,几行归塞尽,几行归塞,xing2,xing2/hang2/heng2/xing4/hang4,,unverified,
140,孤雁二首·其二,2,2,相,暮雨相呼失,暮雨相呼失,xiang1,xiang1/xiang4,,unverified,
140,孤雁二首·其二,4,4,度,渚云低暗度,低暗度,du4,du4/duo2/zhai2,,unverified,
140,孤雁二首·其二,5,3,相,关月冷相随,月冷相随,xiang1,xiang1/xiang4,,unverified,
141,集灵台·其一,0,2,斜,日光斜照集灵台,日光斜照集,xie2,xie2/xia2/cha2/ye2,,unverified,
142,长沙过贾谊宅,3,3,见,寒林空见日斜时,林空见日斜,jian4,jian4/xian4,,unverified,
142,长沙过贾谊宅,3,5,斜,寒林空见日斜时,见日斜时,xie2,xie2/xia2/cha2/ye2,,unverified,
142,长沙过贾谊宅,6,5,落,寂寂江山摇落处,山摇落处,luo4,luo4/la4/lao4/luo1,,unverified,
142,长沙过贾谊宅,6,6,处,寂寂江山摇落处,摇落处,chu4,chu4/chu3,,unverified,
144,月夜忆舍弟,0,4,行,戍鼓断人行,断人行,xing2,xing2/hang2/heng2/xing4/hang4,,unverified,
144,月夜忆舍弟,2,1,从,露从今夜白,露从今夜,cong2,cong2/zong4,,unverified,
144,月夜忆舍弟,4,3,分,有弟皆分散,弟皆分散,fen1,fen1/fen4/fen2,,unverified,
144,月夜忆舍弟,6,2,长,寄书长不达,寄书长不达,zhang3,zhang3/chang2,,unverified,
146,酬张少府,2,3,长,自顾无长策,顾无长策,zhang3,zhang3/chang2,,unverified,
147,饯别王十一南游,2,4,处,飞鸟没何处,没何处,chu4,chu4/chu3,,unverified,
147,饯别王十一南游,4,0,长,长江一帆远,长江一,zhang3,zhang3/chang2,,unverified,
147,饯别王十一南游,5,0,落,落日五湖春,落日五,luo4,luo4/la4/lao4/luo1,,unverified,
147,饯别王十一南游,6,1,见,谁见汀洲上,谁见汀洲,jian4,jian4/xian4,,unverified,
147,饯别王十一南游,7,0,相,相思愁白蘋,相思愁,xiang1,xiang1/xiang4,,unverified,
147,饯别王十一南游,7,1,思,相思愁白蘋,相思愁白,si1,si1/sai1,,unverified,
148,黄鹤楼 / 登黄鹤楼,6,5,处,日暮乡关何处是,关何处是,chu4,chu4/chu3,,unverified,
149,晚次鄂州,0,3,见,云开远见汉阳城,开远见汉阳,jian4,jian4/xian4,,unverified,
149,晚次鄂州,3,4,觉,舟人夜语觉潮生,夜语觉潮生,jue2,jue2/jiao4,,unverified,
149,晚次鄂州,4,2,衰,三湘衰鬓逢秋色,三湘衰鬓逢,shuai1,shuai1/suo1/cui1,,unverified,
149,晚次鄂州,7,0,更,更堪江上鼓鼙声,更堪江,geng4,geng4/geng1,,unverified,
150,关山月,1,4,间,苍茫云海间,云海间,jian1,jian1/jian4,,unverified,
150,关山月,2,0,长,长风几万里,长风几,zhang3,zhang3/chang2,,unverified,
150,关山月,3,1,度,吹度玉门关,吹度玉门,du4,du4/duo2/zhai2,,unverified,
150,关山月,7,1,见,不见有人还,不见有人,jian4,jian4/xian4,,unverified,
150,关山月,7,4,还,不见有人还,有人还,hai2,hai2/huan2/fu2,,unverified,
150,关山月,9,0,思,思归多苦颜,思归多,si1,si1/sai1,,unverified,
150,关山月,10,2,当,高楼当此夜,高楼当此夜,dang1,dang1/dang4,,unverified,
151,秋日赴阙题潼关驿楼 / 行次潼关逢魏扶东归,1,0,长,长亭酒一瓢,长亭酒,zhang3,zhang3/chang2,,unverified,
151,秋日赴阙题潼关驿楼 / 行次潼关逢魏扶东归,3,3,中,疏雨过中条,雨过中条,zhong1,zhong1/zhong4,,unverified,
152,终南山,3,3,看,青霭入看无,霭入看无,kan4,kan4/kan1,,unverified,
152,终南山,4,0,分,分野中峰变,分野中,fen1,fen1/fen4/fen2,,unverified,
152,终南山,4,2,中,分野中峰变,分野中峰变,zhong1,zhong1/zhong4,,unverified,
152,终南山,6,3,处,欲投人处宿,投人处宿,chu4,chu4/chu3,,unverified,
153,送李中丞之襄州 / 送李中丞归汉阳别业,0,1,落,流落征南将,流落征南,luo4,luo4/la4/lao4/luo1,,unverified,
153,送李中丞之襄州 / 送李中丞归汉阳别业,0,4,将,流落征南将,征南将,jiang1,jiang1/jiang4/qiang1,,unverified,
154,赠别,1,1,觉,唯觉尊前笑不成,唯觉尊前,jue2,jue2/jiao4,,unverified,
154,赠别,2,4,还,蜡烛有心还惜别,有心还惜别,hai2,hai2/huan2/fu2,,unverified,
155,子夜吴歌·夏歌,3,1,看,人看隘若耶,人看隘若,kan4,kan4/kan1,,unverified,
155,子夜吴歌·夏歌,5,3,王,归去越王家,去越王家,wang2,wang2/wang4/yu4,,unverified,
156,草 / 赋得古原草送别,6,2,王,又送王孙去,又送王孙去,wang2,wang2/wang4/yu4,,unverified,
158,出塞二首·其一,1,2,长,万里长征人未还,万里长征人,zhang3,zhang3/chang2,,unverified,
158,出塞二首·其一,1,6,还,万里长征人未还,人未还,hai2,hai2/huan2/fu2,,unverified,
158,出塞二首·其一,2,5,将,但使龙城飞将在,城飞将在,jiang1,jiang1/jiang4/qiang1,,unverified,
158,出塞二首·其一,3,1,教,不教胡马度阴山,不教胡马,jiao4,jiao4/jiao1,,unverified,
158,出塞二首·其一,3,4,度,不教胡马度阴山,胡马度阴山,du4,du4/duo2/zhai2,,unverified,
159,秋夕,3,1,看,卧看牵牛织女星,卧看牵牛,kan4,kan4/kan1,,unverified,
160,为有,0,0,为,为有云屏无限娇,为有云,wei4,wei4/wei2,,unverified,
160,为有,2,3,得,无端嫁得金龟婿,端嫁得金龟,de2,de2/de/dei3,,unverified,
160,为有,3,6,朝,辜负香衾事早朝,事早朝,chao2,chao2/zhao1/zhu1,,unverified,
161,寄全椒山中道士,0,1,朝,今朝郡斋冷,今朝郡斋,chao2,chao2/zhao1/zhu1,,unverified,
161,寄全椒山中道士,1,3,中,忽念山中客,念山中客,zhong1,zhong1/zhong4,,unverified,
161,寄全椒山中道士,6,0,落,落叶满空山,落叶满,luo4,luo4/la4/lao4/luo1,,unverified,
161,寄全椒山中道士,7,1,处,何处寻行迹,何处寻行,chu4,chu4/chu3,,unverified,
161,寄全椒山中道士,7,3,行,何处寻行迹,处寻行迹,xing2,xing2/hang2/heng2/xing4/hang4,,unverified,
162,闺怨,0,1,中,闺中少妇不知愁,闺中少妇,zhong1,zhong1/zhong4,,unverified,
162,闺怨,0,2,少,闺中少妇不知愁,闺中少妇不,shao3,shao3/shao4,,unverified,
162,闺怨,2,1,见,忽见陌头杨柳色,忽见陌头,jian4,jian4/xian4,,unverified,
162,闺怨,3,1,教,悔教夫婿觅封侯,悔教夫婿,jiao4,jiao4/jiao1,,unverified,
163,夜泊牛渚怀古,3,3,将,空忆谢将军,忆谢将军,jiang1,jiang1/jiang4/qiang1,,unverified,
163,夜泊牛渚怀古,6,1,朝,明朝挂帆席,明朝挂帆,chao2,chao2/zhao1/zhu1,,unverified,
163,夜泊牛渚怀古,7,2,落,枫叶落纷纷,枫叶落纷纷,luo4,luo4/la4/lao4/luo1,,unverified,
166,送友人,2,3,为,此地一为别,地一为别,wei4,wei4/wei2,,unverified,
166,送友人,5,0,落,落日故人情,落日故,luo4,luo4/la4/lao4/luo1,,unverified,
167,静夜思,3,2,思,低头思故乡,低头思故乡,si1,si1/sai1,,unverified,
168,至德二载甫自京金光门出问道归凤翔乾元初…有悲往事,6,3,衰,无才日衰老,才日衰老,shuai1,shuai1/suo1/cui1,,unverified,
170,登鹳雀楼,3,0,更,更上一层楼,更上一,geng4,geng4/geng1,,unverified,
171,无题·重帏深下莫愁堂,0,0,重,重帏深下莫愁堂,重帏深,zhong4,zhong4/chong2/tong2,,unverified,
171,无题·重帏深下莫愁堂,1,6,长,卧后清宵细细长,细细长,zhang3,zhang3/chang2,,unverified,
171,无题·重帏深下莫愁堂,3,3,处,小姑居处本无郎,姑居处本无,chu4,chu4/chu3,,unverified,
171,无题·重帏深下莫愁堂,5,3,教,月露谁教桂叶香,露谁教桂叶,jiao4,jiao4/jiao1,,unverified,
171,无题·重帏深下莫愁堂,6,2,相,直道相思了无益,直道相思了,xiang1,xiang1/xiang4,,unverified,
171,无题·重帏深下莫愁堂,6,3,思,直道相思了无益,道相思了无,si1,si1/sai1,,unverified,
172,嫦娥,1,0,长,长河渐落晓星沉,长河渐,zhang3,zhang3/chang2,,unverified,
172,嫦娥,1,3,落,长河渐落晓星沉,河渐落晓星,luo4,luo4/la4/lao4/luo1,,unverified,
173,月夜,0,0,更,更深月色半人家,更深月,geng4,geng4/geng1,,unverified,
173,月夜,1,6,斜,北斗阑干南斗斜,南斗斜,xie2,xie2/xia2/cha2/ye2,,unverified,
174,春晓,0,3,觉,春眠不觉晓,眠不觉晓,jue2,jue2/jiao4,,unverified,
174,春晓,1,0,处,处处闻啼鸟,处处闻,chu4,chu4/chu3,,unverified,
174,春晓,1,1,处,处处闻啼鸟,处处闻啼,chu4,chu4/chu3,,unverified,
174,春晓,3,1,落,花落知多少,花落知多,luo4,luo4/la4/lao4/luo1,,unverified,
174,春晓,3,4,少,花落知多少,知多少,shao3,shao3/shao4,,unverified,
175,终南别业,0,0,中,中岁颇好道,中岁颇,zhong1,zhong1/zhong4,,unverified,
175,终南别业,2,0,兴,兴来每独往,兴来每,xing1,xing1/xing4,,unverified,
175,终南别业,4,0,行,行到水穷处,行到水,xing2,xing2/hang2/heng2/xing4/hang4,,unverified,
175,终南别业,4,4,处,行到水穷处,水穷处,chu4,chu4/chu3,,unverified,
175,终南别业,5,1,看,坐看云起时,坐看云起,kan4,kan4/kan1,,unverified,
175,终南别业,7,3,还,谈笑无还期,笑无还期,hai2,hai2/huan2/fu2,,unverified,
176,贾生,1,3,调,贾生才调更无伦,生才调更无,diao4,diao4/tiao2,,unverified,
176,贾生,1,4,更,贾生才调更无伦,才调更无伦,geng4,geng4/geng1,,unverified,
178,汉江临泛 / 汉江临眺,3,4,中,山色有无中,有无中,zhong1,zhong1/zhong4,,unverified,
179,黄鹤楼送孟浩然之广陵,3,1,见,唯见长江天际流,唯见长江,jian4,jian4/xian4,,unverified,
179,黄鹤楼送孟浩然之广陵,3,2,长,唯见长江天际流,唯见长江天,zhang3,zhang3/chang2,,unverified,
180,渡荆门送别,1,1,从,来从楚国游,来从楚国,cong2,cong2/zong4,,unverified,
180,渡荆门送别,7,3,行,万里送行舟,里送行舟,xing2,xing2/hang2/heng2/xing4/hang4,,unverified,
181,感遇十二首·其一,3,2,为,自尔为佳节,自尔为佳节,wei4,wei4/wei2,,unverified,
181,感遇十二首·其一,5,3,相,闻风坐相悦,风坐相悦,xiang1,xiang1/xiang4,,unverified,
182,金缕衣,1,4,少,劝君惜取少年时,惜取少年时,shao3,shao3/shao4,,unverified,
183,九月九日忆山东兄弟,0,4,为,独在异乡为异客,异乡为异客,wei4,wei4/wei2,,unverified,
183,九月九日忆山东兄弟,1,5,思,每逢佳节倍思亲,节倍思亲,si1,si1/sai1,,unverified,
183,九月九日忆山东兄弟,2,6,处,遥知兄弟登高处,登高处,chu4,chu4/chu3,,unverified,
183,九月九日忆山东兄弟,3,4,少,遍插茱萸少一人,茱萸少一人,shao3,shao3/shao4,,unverified,
184,咏怀古迹五首·其一,1,6,间,漂泊西南天地间,天地间,jian1,jian1/jian4,,unverified,
184,咏怀古迹五首·其一,5,6,还,词客哀时且未还,且未还,hai2,hai2/huan2/fu2,,unverified,
185,夜上受降城闻笛,2,3,处,不知何处吹芦管,知何处吹芦,chu4,chu4/chu3,,unverified,
186,客夜与故人偶集 / 江乡故人偶集客舍,1,4,重,城阙夜千重,夜千重,zhong4,zhong4/chong2/tong2,,unverified,
186,客夜与故人偶集 / 江乡故人偶集客舍,2,0,还,还作江南会,还作江,hai2,hai2/huan2/fu2,,unverified,
186,客夜与故人偶集 / 江乡故人偶集客舍,6,2,长,羁旅长堪醉,羁旅长堪醉,zhang3,zhang3/chang2,,unverified,
186,客夜与故人偶集 / 江乡故人偶集客舍,7,0,相,相留畏晓钟,相留畏,xiang1,xiang1/xiang4,,unverified,
188,送别,2,3,得,君言不得意,言不得意,de2,de2/de/dei3,,unverified,
189,江州重别薛六柳八二员外,3,3,落,淮南木落楚山多,南木落楚山,luo4,luo4/la4/lao4/luo1,,unverified,
190,送僧归日本,1,4,行,来途若梦行,若梦行,xing2,xing2/hang2/heng2/xing4/hang4,,unverified,
190,送僧归日本,7,3,中,万里眼中明,里眼中明,zhong1,zhong1/zhong4,,unverified,
191,长干行·君家何处住,0,3,处,君家何处住,家何处住,chu4,chu4/chu3,,unverified,
192,题破山寺后禅院,2,4,处,曲径通幽处,通幽处,chu4,chu4/chu3,,unverified,
193,夜雨寄北,2,1,当,何当共剪西窗烛,何当共剪,dang1,dang1/dang4,,unverified,
194,自夏口至鹦鹉洲夕望岳阳寄源中丞,1,2,相,楚客相思益渺然,楚客相思益,xiang1,xiang1/xiang4,,unverified,
194,自夏口至鹦鹉洲夕望岳阳寄源中丞,1,3,思,楚客相思益渺然,客相思益渺,si1,si1/sai1,,unverified,
194,自夏口至鹦鹉洲夕望岳阳寄源中丞,2,4,斜,汉口夕阳斜渡鸟,夕阳斜渡鸟,xie2,xie2/xia2/cha2/ye2,,unverified,
194,自夏口至鹦鹉洲夕望岳阳寄源中丞,7,0,长,长沙谪去古今怜,长沙谪,zhang3,zhang3/chang2,,unverified,
195,送李少府贬峡中王少府贬长沙,2,5,行,巫峡啼猿数行泪,猿数行泪,xing2,xing2/hang2/heng2/xing4/hang4,,unverified,
195,送李少府贬峡中王少府贬长沙,7,2,分,暂时分手莫踌躇,暂时分手莫,fen1,fen1/fen4/fen2,,unverified,
196,鹿柴,0,3,见,空山不见人,山不见人,jian4,jian4/xian4,,unverified,
197,寄人,1,6,斜,小廊回合曲阑斜,曲阑斜,xie2,xie2/xia2/cha2/ye2,,unverified,
197,寄人,3,1,为,犹为离人照落花,犹为离人,wei4,wei4/wei2,,unverified,
197,寄人,3,5,落,犹为离人照落花,人照落花,luo4,luo4/la4/lao4/luo1,,unverified,
198,子夜吴歌·秋歌,0,0,长,长安一片月,长安一,zhang3,zhang3/chang2,,unverified,
199,云阳馆与韩绅宿别,1,1,度,几度隔山川,几度隔山,du4,du4/duo2/zhai2,,unverified,
199,云阳馆与韩绅宿别,2,1,见,乍见翻疑梦,乍见翻疑,jian4,jian4/xian4,,unverified,
199,云阳馆与韩绅宿别,3,0,相,相悲各问年,相悲各,xiang1,xiang1/xiang4,,unverified,
199,云阳馆与韩绅宿别,6,0,更,更有明朝恨,更有明,geng4,geng4/geng1,,unverified,
199,云阳馆与韩绅宿别,6,3,朝,更有明朝恨,有明朝恨,chao2,chao2/zhao1/zhu1,,unverified,
201,登高,2,2,落,无边落木萧萧下,无边落木萧,luo4,luo4/la4/lao4/luo1,,unverified,
201,登高,3,2,长,不尽长江滚滚来,不尽长江滚,zhang3,zhang3/chang2,,unverified,
202,望岳,6,1,当,会当凌绝顶,会当凌绝,dang1,dang1/dang4,,unverified,
203,宫词 / 宫中词,1,2,相,美人相并立琼轩,美人相并立,xiang1,xiang1/xiang4,,unverified,
203,宫词 / 宫中词,2,5,中,含情欲说宫中事,说宫中事,zhong1,zhong1/zhong4,,unverified,
205,赠阙下裴舍人,2,0,长,长乐钟声花外尽,长乐钟,zhang3,zhang3/chang2,,unverified,
205,赠阙下裴舍人,3,5,中,龙池柳色雨中深,色雨中深,zhong1,zhong1/zhong4,,unverified,
205,赠阙下裴舍人,4,1,和,阳和不散穷途恨,阳和不散,he2,he2/he4/hu2/huo2/huo4/huo,,unverified,
205,赠阙下裴舍人,5,2,长,霄汉长怀捧日心,霄汉长怀捧,zhang3,zhang3/chang2,,unverified,
205,赠阙下裴舍人,7,1,将,羞将白发对华簪,羞将白发,jiang1,jiang1/jiang4/qiang1,,unverified,
206,题大庾岭北驿,2,1,行,我行殊未已,我行殊未,xing2,xing2/hang2/heng2/xing4/hang4,,unverified,
206,题大庾岭北驿,4,4,落,江静潮初落,潮初落,luo4,luo4/la4/lao4/luo1,,unverified,
206,题大庾岭北驿,6,1,朝,明朝望乡处,明朝望乡,chao2,chao2/zhao1/zhu1,,unverified,
206,题大庾岭北驿,6,4,处,明朝望乡处,望乡处,chu4,chu4/chu3,,unverified,
206,题大庾岭北驿,7,1,见,应见陇头梅,应见陇头,jian4,jian4/xian4,,unverified,
207,寒食,0,3,处,春城无处不飞花,城无处不飞,chu4,chu4/chu3,,unverified,
207,寒食,1,6,斜,寒食东风御柳斜,御柳斜,xie2,xie2/xia2/cha2/ye2,,unverified,
208,无题·来是空言去绝踪,1,1,斜,月斜楼上五更钟,月斜楼上,xie2,xie2/xia2/cha2/ye2,,unverified,
208,无题·来是空言去绝踪,1,5,更,月斜楼上五更钟,上五更钟,geng4,geng4/geng1,,unverified,
208,无题·来是空言去绝踪,2,1,为,梦为远别啼难唤,梦为远别,wei4,wei4/wei2,,unverified,
208,无题·来是空言去绝踪,5,3,度,麝熏微度绣芙蓉,熏微度绣芙,du4,du4/duo2/zhai2,,unverified,
208,无题·来是空言去绝踪,7,0,更,更隔蓬山一万重,更隔蓬,geng4,geng4/geng1,,unverified,
208,无题·来是空言去绝踪,7,6,重,更隔蓬山一万重,一万重,zhong4,zhong4/chong2/tong2,,unverified,
209,相思,3,3,相,此物最相思,物最相思,xiang1,xiang1/xiang4,,unverified,
209,相思,3,4,思,此物最相思,最相思,si1,si1/sai1,,unverified,
210,阁夜,2,1,更,五更鼓角声悲壮,五更鼓角,geng4,geng4/geng1,,unverified,
210,阁夜,5,3,处,夷歌数处起渔樵,歌数处起渔,chu4,chu4/chu3,,unverified,
211,芙蓉楼送辛渐,2,5,相,洛阳亲友如相问,友如相问,xiang1,xiang1/xiang4,,unverified,
212,回乡偶书二首·其一,0,0,少,少小离家老大回,少小离,shao3,shao3/shao4,,unverified,
212,回乡偶书二首·其一,1,6,衰,乡音无改鬓毛衰,鬓毛衰,shuai1,shuai1/suo1/cui1,,unverified,
212,回乡偶书二首·其一,2,2,相,儿童相见不相识,儿童相见不,xiang1,xiang1/xiang4,,unverified,
212,回乡偶书二首·其一,2,3,见,儿童相见不相识,童相见不相,jian4,jian4/xian4,,unverified,
212,回乡偶书二首·其一,2,5,相,儿童相见不相识,见不相识,xiang1,xiang1/xiang4,,unverified,
212,回乡偶书二首·其一,3,3,从,笑问客从何处来,问客从何处,cong2,cong2/zong4,,unverified,
212,回乡偶书二首·其一,3,5,处,笑问客从何处来,从何处来,chu4,chu4/chu3,,unverified,
213,感遇十二首·其四,2,1,见,侧见双翠鸟,侧见双翠,jian4,jian4/xian4,,unverified,
213,感遇十二首·其四,5,0,得,得无金丸惧,得无金,de2,de2/de/dei3,,unverified,
214,瑶池,2,3,行,八骏日行三万里,骏日行三万,xing2,xing2/hang2/heng2/xing4/hang4,,unverified,
214,瑶池,3,1,王,穆王何事不重来,穆王何事,wang2,wang2/wang4/yu4,,unverified,
214,瑶池,3,5,重,穆王何事不重来,事不重来,zhong4,zhong4/chong2/tong2,,unverified,
215,登楼,4,2,朝,北极朝廷终不改,北极朝廷终,chao2,chao2/zhao1/zhu1,,unverified,
215,登楼,5,5,相,西山寇盗莫相侵,盗莫相侵,xiang1,xiang1/xiang4,,unverified,
215,登楼,6,4,还,可怜后主还祠庙,后主还祠庙,hai2,hai2/huan2/fu2,,unverified,
215,登楼,7,3,为,日暮聊为《梁甫吟》,暮聊为《梁,wei4,wei4/wei2,,unverified,
216,别房太尉墓,0,3,行,他乡复行役,乡复行役,xing2,xing2/hang2/heng2/xing4/hang4,,unverified,
216,别房太尉墓,6,1,见,唯见林花落,唯见林花,jian4,jian4/xian4,,unverified,
216,别房太尉墓,6,4,落,唯见林花落,林花落,luo4,luo4/la4/lao4/luo1,,unverified,
218,塞上曲·其一,3,0,处,处处黄芦草,处处黄,chu4,chu4/chu3,,unverified,
218,塞上曲·其一,3,1,处,处处黄芦草,处处黄芦,chu4,chu4/chu3,,unverified,
218,塞上曲·其一,4,0,从,从来幽并客,从来幽,cong2,cong2/zong4,,unverified,
219,李端公 / 送李端,0,2,衰,故关衰草遍,故关衰草遍,shuai1,shuai1/suo1/cui1,,unverified,
219,李端公 / 送李端,4,0,少,少孤为客早,少孤为,shao3,shao3/shao4,,unverified,
219,李端公 / 送李端,4,2,为,少孤为客早,少孤为客早,wei4,wei4/wei2,,unverified,
219,李端公 / 送李端,6,3,相,掩泪空相向,泪空相向,xiang1,xiang1/xiang4,,unverified,
219,李端公 / 送李端,7,3,处,风尘何处期,尘何处期,chu4,chu4/chu3,,unverified,
220,子夜吴歌·冬歌,0,1,朝,明朝驿使发,明朝驿使,chao2,chao2/zhao1/zhu1,,unverified,
